Time,station 1 O3,station 1 NO2
2020-01-01T00:00:00Z,27,6
2020-01-01T01:00:00Z,27,6
2020-01-01T02:00:00Z,27,6
2020-01-01T03:00:00Z,,
2020-01-01T04:00:00Z,26,6
2020-01-01T05:00:00Z,27,5
2020-01-01T06:00:00Z,26,6
2020-01-01T07:00:00Z,25,7
2020-01-01T08:00:00Z,26,7
2020-01-01T09:00:00Z,27,5
2020-01-01T10:00:00Z,26,6
2020-01-01T11:00:00Z,27,5
2020-01-01T12:00:00Z,29,5
2020-01-01T13:00:00Z,33,5
2020-01-01T14:00:00Z,36,4
2020-01-01T15:00:00Z,35,5
2020-01-01T16:00:00Z,33,7
2020-01-01T17:00:00Z,31,9
2020-01-01T18:00:00Z,27,12
2020-01-01T19:00:00Z,23,14
2020-01-01T20:00:00Z,25,11
2020-01-01T21:00:00Z,22,12
2020-01-01T22:00:00Z,16,18
2020-01-01T23:00:00Z,12,21
2020-01-02T00:00:00Z,17,16
2020-01-02T01:00:00Z,17,16
2020-01-02T02:00:00Z,22,11
2020-01-02T03:00:00Z,19,13
2020-01-02T04:00:00Z,20,12
2020-01-02T05:00:00Z,21,12
2020-01-02T06:00:00Z,18,15
2020-01-02T07:00:00Z,17,17
2020-01-02T08:00:00Z,20,15
2020-01-02T09:00:00Z,21,14
2020-01-02T10:00:00Z,23,11
2020-01-02T11:00:00Z,21,14
2020-01-02T12:00:00Z,22,13
2020-01-02T13:00:00Z,24,12
2020-01-02T14:00:00Z,23,13
2020-01-02T15:00:00Z,23,13
2020-01-02T16:00:00Z,21,14
2020-01-02T17:00:00Z,21,15
2020-01-02T18:00:00Z,20,15
2020-01-02T19:00:00Z,19,16
2020-01-02T20:00:00Z,16,19
2020-01-02T21:00:00Z,16,18
2020-01-02T22:00:00Z,19,15
2020-01-02T23:00:00Z,18,14
2020-01-03T00:00:00Z,17,14
2020-01-03T01:00:00Z,20,10
2020-01-03T02:00:00Z,20,9
2020-01-03T03:00:00Z,19,10
2020-01-03T04:00:00Z,13,16
2020-01-03T05:00:00Z,11,17
2020-01-03T06:00:00Z,8,20
2020-01-03T07:00:00Z,8,19
2020-01-03T08:00:00Z,7,21
2020-01-03T09:00:00Z,9,20
2020-01-03T10:00:00Z,14,14
2020-01-03T11:00:00Z,16,13
2020-01-03T12:00:00Z,20,10
2020-01-03T13:00:00Z,24,7
2020-01-03T14:00:00Z,24,9
2020-01-03T15:00:00Z,24,9
2020-01-03T16:00:00Z,20,12
2020-01-03T17:00:00Z,19,14
2020-01-03T18:00:00Z,20,14
2020-01-03T19:00:00Z,19,14
2020-01-03T20:00:00Z,22,12
2020-01-03T21:00:00Z,22,11
2020-01-03T22:00:00Z,20,13
2020-01-03T23:00:00Z,25,10
2020-01-04T00:00:00Z,23,11
2020-01-04T01:00:00Z,27,9
2020-01-04T02:00:00Z,28,8
2020-01-04T03:00:00Z,29,7
2020-01-04T04:00:00Z,28,6
2020-01-04T05:00:00Z,27,6
2020-01-04T06:00:00Z,26,6
2020-01-04T07:00:00Z,17,15
2020-01-04T08:00:00Z,19,13
2020-01-04T09:00:00Z,18,13
2020-01-04T10:00:00Z,17,14
2020-01-04T11:00:00Z,17,15
2020-01-04T12:00:00Z,22,11
2020-01-04T13:00:00Z,24,8
2020-01-04T14:00:00Z,23,9
2020-01-04T15:00:00Z,24,7
2020-01-04T16:00:00Z,22,10
2020-01-04T17:00:00Z,20,11
2020-01-04T18:00:00Z,21,10
2020-01-04T19:00:00Z,21,10
2020-01-04T20:00:00Z,21,9
2020-01-04T21:00:00Z,21,8
2020-01-04T22:00:00Z,22,7
2020-01-04T23:00:00Z,25,5
2020-01-05T00:00:00Z,25,4
2020-01-05T01:00:00Z,25,4
2020-01-05T02:00:00Z,27,4
2020-01-05T03:00:00Z,28,4
2020-01-05T04:00:00Z,29,3
2020-01-05T05:00:00Z,26,4
2020-01-05T06:00:00Z,25,4
2020-01-05T07:00:00Z,25,6
2020-01-05T08:00:00Z,22,10
2020-01-05T09:00:00Z,25,7
2020-01-05T10:00:00Z,27,6
2020-01-05T11:00:00Z,29,4
2020-01-05T12:00:00Z,29,5
2020-01-05T13:00:00Z,29,4
2020-01-05T14:00:00Z,27,7
2020-01-05T15:00:00Z,24,9
2020-01-05T16:00:00Z,24,11
2020-01-05T17:00:00Z,25,11
2020-01-05T18:00:00Z,25,10
2020-01-05T19:00:00Z,25,10
2020-01-05T20:00:00Z,26,9
2020-01-05T21:00:00Z,28,6
2020-01-05T22:00:00Z,29,4
2020-01-05T23:00:00Z,28,5
2020-01-06T00:00:00Z,27,5
2020-01-06T01:00:00Z,24,7
2020-01-06T02:00:00Z,20,10
2020-01-06T03:00:00Z,,
2020-01-06T04:00:00Z,15,12
2020-01-06T05:00:00Z,16,11
2020-01-06T06:00:00Z,15,13
2020-01-06T07:00:00Z,17,11
2020-01-06T08:00:00Z,18,11
2020-01-06T09:00:00Z,20,10
2020-01-06T10:00:00Z,25,8
2020-01-06T11:00:00Z,28,7
2020-01-06T12:00:00Z,27,8
2020-01-06T13:00:00Z,30,6
2020-01-06T14:00:00Z,30,6
2020-01-06T15:00:00Z,30,8
2020-01-06T16:00:00Z,31,8
2020-01-06T17:00:00Z,29,10
2020-01-06T18:00:00Z,33,7
2020-01-06T19:00:00Z,32,7
2020-01-06T20:00:00Z,30,9
2020-01-06T21:00:00Z,30,8
2020-01-06T22:00:00Z,29,9
2020-01-06T23:00:00Z,27,12
2020-01-07T00:00:00Z,23,16
2020-01-07T01:00:00Z,25,14
2020-01-07T02:00:00Z,24,15
2020-01-07T03:00:00Z,20,19
2020-01-07T04:00:00Z,12,27
2020-01-07T05:00:00Z,4,36
2020-01-07T06:00:00Z,3,37
2020-01-07T07:00:00Z,1,42
2020-01-07T08:00:00Z,2,39
2020-01-07T09:00:00Z,5,33
2020-01-07T10:00:00Z,9,28
2020-01-07T11:00:00Z,12,23
2020-01-07T12:00:00Z,12,20
2020-01-07T13:00:00Z,14,17
2020-01-07T14:00:00Z,14,19
2020-01-07T15:00:00Z,13,20
2020-01-07T16:00:00Z,11,22
2020-01-07T17:00:00Z,12,20
2020-01-07T18:00:00Z,15,17
2020-01-07T19:00:00Z,17,14
2020-01-07T20:00:00Z,11,20
2020-01-07T21:00:00Z,14,17
2020-01-07T22:00:00Z,20,14
2020-01-07T23:00:00Z,22,14
2020-01-08T00:00:00Z,21,14
2020-01-08T01:00:00Z,21,13
2020-01-08T02:00:00Z,19,15
2020-01-08T03:00:00Z,29,7
2020-01-08T04:00:00Z,31,7
2020-01-08T05:00:00Z,30,9
2020-01-08T06:00:00Z,29,9
2020-01-08T07:00:00Z,26,13
2020-01-08T08:00:00Z,20,16
2020-01-08T09:00:00Z,24,8
2020-01-08T10:00:00Z,25,7
2020-01-08T11:00:00Z,25,5
2020-01-08T12:00:00Z,24,4
2020-01-08T13:00:00Z,25,4
2020-01-08T14:00:00Z,27,5
2020-01-08T15:00:00Z,28,5
2020-01-08T16:00:00Z,28,6
2020-01-08T17:00:00Z,27,6
2020-01-08T18:00:00Z,26,6
2020-01-08T19:00:00Z,25,8
2020-01-08T20:00:00Z,27,7
2020-01-08T21:00:00Z,27,7
2020-01-08T22:00:00Z,30,6
2020-01-08T23:00:00Z,31,5
2020-01-09T00:00:00Z,24,10
2020-01-09T01:00:00Z,18,15
2020-01-09T02:00:00Z,19,13
2020-01-09T03:00:00Z,22,10
2020-01-09T04:00:00Z,18,14
2020-01-09T05:00:00Z,19,14
2020-01-09T06:00:00Z,13,21
2020-01-09T07:00:00Z,9,24
2020-01-09T08:00:00Z,12,22
2020-01-09T09:00:00Z,12,23
2020-01-09T10:00:00Z,17,18
2020-01-09T11:00:00Z,31,3
2020-01-09T12:00:00Z,32,2
2020-01-09T13:00:00Z,31,3
2020-01-09T14:00:00Z,30,3
2020-01-09T15:00:00Z,30,4
2020-01-09T16:00:00Z,31,4
2020-01-09T17:00:00Z,30,4
2020-01-09T18:00:00Z,30,4
2020-01-09T19:00:00Z,29,4
2020-01-09T20:00:00Z,29,4
2020-01-09T21:00:00Z,29,4
2020-01-09T22:00:00Z,29,5
2020-01-09T23:00:00Z,26,9
2020-01-10T00:00:00Z,26,7
2020-01-10T01:00:00Z,24,8
2020-01-10T02:00:00Z,22,11
2020-01-10T03:00:00Z,22,11
2020-01-10T04:00:00Z,26,9
2020-01-10T05:00:00Z,26,8
2020-01-10T06:00:00Z,22,10
2020-01-10T07:00:00Z,16,15
2020-01-10T08:00:00Z,15,16
2020-01-10T09:00:00Z,12,18
2020-01-10T10:00:00Z,12,19
2020-01-10T11:00:00Z,15,17
2020-01-10T12:00:00Z,15,17
2020-01-10T13:00:00Z,13,18
2020-01-10T14:00:00Z,10,23
2020-01-10T15:00:00Z,5,28
2020-01-10T16:00:00Z,3,30
2020-01-10T17:00:00Z,3,29
2020-01-10T18:00:00Z,1,33
2020-01-10T19:00:00Z,6,23
2020-01-10T20:00:00Z,12,16
2020-01-10T21:00:00Z,7,20
2020-01-10T22:00:00Z,6,21
2020-01-10T23:00:00Z,15,12
2020-01-11T00:00:00Z,19,8
2020-01-11T01:00:00Z,20,8
2020-01-11T02:00:00Z,21,6
2020-01-11T03:00:00Z,22,5
2020-01-11T04:00:00Z,23,5
2020-01-11T05:00:00Z,24,6
2020-01-11T06:00:00Z,26,5
2020-01-11T07:00:00Z,25,7
2020-01-11T08:00:00Z,25,7
2020-01-11T09:00:00Z,19,13
2020-01-11T10:00:00Z,18,14
2020-01-11T11:00:00Z,18,13
2020-01-11T12:00:00Z,16,9
2020-01-11T13:00:00Z,12,7
2020-01-11T14:00:00Z,12,8
2020-01-11T15:00:00Z,12,8
2020-01-11T16:00:00Z,13,9
2020-01-11T17:00:00Z,17,8
2020-01-11T18:00:00Z,25,5
2020-01-11T19:00:00Z,26,4
2020-01-11T20:00:00Z,24,5
2020-01-11T21:00:00Z,22,5
2020-01-11T22:00:00Z,19,7
2020-01-11T23:00:00Z,22,4
2020-01-12T00:00:00Z,21,5
2020-01-12T01:00:00Z,21,4
2020-01-12T02:00:00Z,21,4
2020-01-12T03:00:00Z,23,4
2020-01-12T04:00:00Z,24,3
2020-01-12T05:00:00Z,23,5
2020-01-12T06:00:00Z,27,3
2020-01-12T07:00:00Z,29,3
2020-01-12T08:00:00Z,30,4
2020-01-12T09:00:00Z,30,4
2020-01-12T10:00:00Z,29,4
2020-01-12T11:00:00Z,29,4
2020-01-12T12:00:00Z,29,4
2020-01-12T13:00:00Z,28,6
2020-01-12T14:00:00Z,26,7
2020-01-12T15:00:00Z,25,9
2020-01-12T16:00:00Z,25,9
2020-01-12T17:00:00Z,23,12
2020-01-12T18:00:00Z,21,14
2020-01-12T19:00:00Z,23,12
2020-01-12T20:00:00Z,20,14
2020-01-12T21:00:00Z,19,15
2020-01-12T22:00:00Z,23,9
2020-01-12T23:00:00Z,26,6
2020-01-13T00:00:00Z,26,6
2020-01-13T01:00:00Z,25,7
2020-01-13T02:00:00Z,22,10
2020-01-13T03:00:00Z,,
2020-01-13T04:00:00Z,16,15
2020-01-13T05:00:00Z,18,12
2020-01-13T06:00:00Z,21,9
2020-01-13T07:00:00Z,19,11
2020-01-13T08:00:00Z,20,11
2020-01-13T09:00:00Z,24,7
2020-01-13T10:00:00Z,23,7
2020-01-13T11:00:00Z,23,7
2020-01-13T12:00:00Z,22,8
2020-01-13T13:00:00Z,19,10
2020-01-13T14:00:00Z,15,16
2020-01-13T15:00:00Z,13,16
2020-01-13T16:00:00Z,3,28
2020-01-13T17:00:00Z,1,28
2020-01-13T18:00:00Z,3,26
2020-01-13T19:00:00Z,2,26
2020-01-13T20:00:00Z,1,28
2020-01-13T21:00:00Z,1,28
2020-01-13T22:00:00Z,6,19
2020-01-13T23:00:00Z,11,15
2020-01-14T00:00:00Z,15,11
2020-01-14T01:00:00Z,17,9
2020-01-14T02:00:00Z,14,12
2020-01-14T03:00:00Z,13,12
2020-01-14T04:00:00Z,17,10
2020-01-14T05:00:00Z,25,6
2020-01-14T06:00:00Z,25,4
2020-01-14T07:00:00Z,24,4
2020-01-14T08:00:00Z,23,4
2020-01-14T09:00:00Z,24,3
2020-01-14T10:00:00Z,23,3
2020-01-14T11:00:00Z,23,3
2020-01-14T12:00:00Z,21,5
2020-01-14T13:00:00Z,19,7
2020-01-14T14:00:00Z,20,6
2020-01-14T15:00:00Z,19,7
2020-01-14T16:00:00Z,17,8
2020-01-14T17:00:00Z,16,9
2020-01-14T18:00:00Z,15,9
2020-01-14T19:00:00Z,11,12
2020-01-14T20:00:00Z,6,17
2020-01-14T21:00:00Z,5,19
2020-01-14T22:00:00Z,7,17
2020-01-14T23:00:00Z,12,14
2020-01-15T00:00:00Z,16,10
2020-01-15T01:00:00Z,12,15
2020-01-15T02:00:00Z,18,10
2020-01-15T03:00:00Z,21,8
2020-01-15T04:00:00Z,23,6
2020-01-15T05:00:00Z,22,7
2020-01-15T06:00:00Z,19,11
2020-01-15T07:00:00Z,11,20
2020-01-15T08:00:00Z,9,21
2020-01-15T09:00:00Z,15,14
2020-01-15T10:00:00Z,15,15
2020-01-15T11:00:00Z,17,12
2020-01-15T12:00:00Z,17,12
2020-01-15T13:00:00Z,16,14
2020-01-15T14:00:00Z,16,15
2020-01-15T15:00:00Z,17,13
2020-01-15T16:00:00Z,19,11
2020-01-15T17:00:00Z,14,16
2020-01-15T18:00:00Z,13,17
2020-01-15T19:00:00Z,16,13
2020-01-15T20:00:00Z,20,8
2020-01-15T21:00:00Z,21,7
2020-01-15T22:00:00Z,23,6
2020-01-15T23:00:00Z,15,12
2020-01-16T00:00:00Z,9,17
2020-01-16T01:00:00Z,14,11
2020-01-16T02:00:00Z,13,9
2020-01-16T03:00:00Z,10,11
2020-01-16T04:00:00Z,9,12
2020-01-16T05:00:00Z,11,12
2020-01-16T06:00:00Z,16,11
2020-01-16T07:00:00Z,18,14
2020-01-16T08:00:00Z,23,12
2020-01-16T09:00:00Z,26,9
2020-01-16T10:00:00Z,27,7
2020-01-16T11:00:00Z,26,8
2020-01-16T12:00:00Z,24,9
2020-01-16T13:00:00Z,22,7
2020-01-16T14:00:00Z,24,4
2020-01-16T15:00:00Z,27,5
2020-01-16T16:00:00Z,26,6
2020-01-16T17:00:00Z,26,7
2020-01-16T18:00:00Z,27,5
2020-01-16T19:00:00Z,27,6
2020-01-16T20:00:00Z,27,6
2020-01-16T21:00:00Z,28,6
2020-01-16T22:00:00Z,29,5
2020-01-16T23:00:00Z,30,5
2020-01-17T00:00:00Z,31,5
2020-01-17T01:00:00Z,34,4
2020-01-17T02:00:00Z,34,4
2020-01-17T03:00:00Z,33,5
2020-01-17T04:00:00Z,32,5
2020-01-17T05:00:00Z,29,8
2020-01-17T06:00:00Z,24,13
2020-01-17T07:00:00Z,22,14
2020-01-17T08:00:00Z,20,18
2020-01-17T09:00:00Z,25,12
2020-01-17T10:00:00Z,26,11
2020-01-17T11:00:00Z,28,10
2020-01-17T12:00:00Z,28,10
2020-01-17T13:00:00Z,28,10
2020-01-17T14:00:00Z,27,10
2020-01-17T15:00:00Z,28,9
2020-01-17T16:00:00Z,27,10
2020-01-17T17:00:00Z,23,14
2020-01-17T18:00:00Z,21,17
2020-01-17T19:00:00Z,17,19
2020-01-17T20:00:00Z,15,21
2020-01-17T21:00:00Z,18,18
2020-01-17T22:00:00Z,19,17
2020-01-17T23:00:00Z,20,15
2020-01-18T00:00:00Z,22,13
2020-01-18T01:00:00Z,23,12
2020-01-18T02:00:00Z,22,13
2020-01-18T03:00:00Z,28,8
2020-01-18T04:00:00Z,37,2
2020-01-18T05:00:00Z,36,2
2020-01-18T06:00:00Z,37,2
2020-01-18T07:00:00Z,36,3
2020-01-18T08:00:00Z,35,3
2020-01-18T09:00:00Z,35,3
2020-01-18T10:00:00Z,33,3
2020-01-18T11:00:00Z,32,3
2020-01-18T12:00:00Z,31,3
2020-01-18T13:00:00Z,31,3
2020-01-18T14:00:00Z,30,4
2020-01-18T15:00:00Z,29,4
2020-01-18T16:00:00Z,28,4
2020-01-18T17:00:00Z,27,5
2020-01-18T18:00:00Z,25,6
2020-01-18T19:00:00Z,21,10
2020-01-18T20:00:00Z,12,19
2020-01-18T21:00:00Z,12,15
2020-01-18T22:00:00Z,14,10
2020-01-18T23:00:00Z,18,9
2020-01-19T00:00:00Z,18,9
2020-01-19T01:00:00Z,18,8
2020-01-19T02:00:00Z,18,8
2020-01-19T03:00:00Z,19,8
2020-01-19T04:00:00Z,21,7
2020-01-19T05:00:00Z,28,6
2020-01-19T06:00:00Z,26,8
2020-01-19T07:00:00Z,28,7
2020-01-19T08:00:00Z,30,5
2020-01-19T09:00:00Z,32,4
2020-01-19T10:00:00Z,30,5
2020-01-19T11:00:00Z,29,5
2020-01-19T12:00:00Z,31,5
2020-01-19T13:00:00Z,32,5
2020-01-19T14:00:00Z,32,5
2020-01-19T15:00:00Z,32,5
2020-01-19T16:00:00Z,31,7
2020-01-19T17:00:00Z,30,9
2020-01-19T18:00:00Z,30,9
2020-01-19T19:00:00Z,33,8
2020-01-19T20:00:00Z,34,7
2020-01-19T21:00:00Z,35,6
2020-01-19T22:00:00Z,35,6
2020-01-19T23:00:00Z,35,6
2020-01-20T00:00:00Z,34,7
2020-01-20T01:00:00Z,33,7
2020-01-20T02:00:00Z,33,6
2020-01-20T03:00:00Z,,
2020-01-20T04:00:00Z,30,8
2020-01-20T05:00:00Z,27,11
2020-01-20T06:00:00Z,19,18
2020-01-20T07:00:00Z,11,27
2020-01-20T08:00:00Z,16,24
2020-01-20T09:00:00Z,20,19
2020-01-20T10:00:00Z,24,14
2020-01-20T11:00:00Z,26,13
2020-01-20T12:00:00Z,29,9
2020-01-20T13:00:00Z,32,7
2020-01-20T14:00:00Z,29,12
2020-01-20T15:00:00Z,31,12
2020-01-20T16:00:00Z,35,10
2020-01-20T17:00:00Z,30,16
2020-01-20T18:00:00Z,24,20
2020-01-20T19:00:00Z,26,17
2020-01-20T20:00:00Z,22,20
2020-01-20T21:00:00Z,15,27
2020-01-20T22:00:00Z,8,35
2020-01-20T23:00:00Z,3,42
2020-01-21T00:00:00Z,1,46
2020-01-21T01:00:00Z,1,47
2020-01-21T02:00:00Z,1,49
2020-01-21T03:00:00Z,1,51
2020-01-21T04:00:00Z,1,53
2020-01-21T05:00:00Z,1,64
2020-01-21T06:00:00Z,1,60
2020-01-21T07:00:00Z,1,58
2020-01-21T08:00:00Z,1,60
2020-01-21T09:00:00Z,2,50
2020-01-21T10:00:00Z,6,50
2020-01-21T11:00:00Z,19,30
2020-01-21T12:00:00Z,32,12
2020-01-21T13:00:00Z,34,9
2020-01-21T14:00:00Z,33,10
2020-01-21T15:00:00Z,34,9
2020-01-21T16:00:00Z,33,10
2020-01-21T17:00:00Z,31,12
2020-01-21T18:00:00Z,30,12
2020-01-21T19:00:00Z,29,14
2020-01-21T20:00:00Z,29,14
2020-01-21T21:00:00Z,28,15
2020-01-21T22:00:00Z,24,17
2020-01-21T23:00:00Z,21,19
2020-01-22T00:00:00Z,20,20
2020-01-22T01:00:00Z,23,17
2020-01-22T02:00:00Z,23,17
2020-01-22T03:00:00Z,24,16
2020-01-22T04:00:00Z,23,16
2020-01-22T05:00:00Z,21,19
2020-01-22T06:00:00Z,15,25
2020-01-22T07:00:00Z,14,25
2020-01-22T08:00:00Z,22,15
2020-01-22T09:00:00Z,25,11
2020-01-22T10:00:00Z,26,11
2020-01-22T11:00:00Z,26,10
2020-01-22T12:00:00Z,28,10
2020-01-22T13:00:00Z,28,10
2020-01-22T14:00:00Z,27,11
2020-01-22T15:00:00Z,26,13
2020-01-22T16:00:00Z,21,19
2020-01-22T17:00:00Z,18,23
2020-01-22T18:00:00Z,21,20
2020-01-22T19:00:00Z,17,23
2020-01-22T20:00:00Z,23,17
2020-01-22T21:00:00Z,23,16
2020-01-22T22:00:00Z,19,20
2020-01-22T23:00:00Z,17,22
2020-01-23T00:00:00Z,19,20
2020-01-23T01:00:00Z,13,26
2020-01-23T02:00:00Z,6,34
2020-01-23T03:00:00Z,3,38
2020-01-23T04:00:00Z,6,34
2020-01-23T05:00:00Z,5,36
2020-01-23T06:00:00Z,1,41
2020-01-23T07:00:00Z,1,45
2020-01-23T08:00:00Z,2,47
2020-01-23T09:00:00Z,4,39
2020-01-23T10:00:00Z,,
2020-01-23T11:00:00Z,7,
2020-01-23T12:00:00Z,9,27
2020-01-23T13:00:00Z,12,23
2020-01-23T14:00:00Z,15,18
2020-01-23T15:00:00Z,15,19
2020-01-23T16:00:00Z,16,18
2020-01-23T17:00:00Z,12,23
2020-01-23T18:00:00Z,17,19
2020-01-23T19:00:00Z,17,19
2020-01-23T20:00:00Z,15,21
2020-01-23T21:00:00Z,11,26
2020-01-23T22:00:00Z,7,31
2020-01-23T23:00:00Z,9,27
2020-01-24T00:00:00Z,9,27
2020-01-24T01:00:00Z,18,18
2020-01-24T02:00:00Z,21,16
2020-01-24T03:00:00Z,19,17
2020-01-24T04:00:00Z,18,17
2020-01-24T05:00:00Z,18,18
2020-01-24T06:00:00Z,23,12
2020-01-24T07:00:00Z,22,13
2020-01-24T08:00:00Z,21,15
2020-01-24T09:00:00Z,25,9
2020-01-24T10:00:00Z,27,7
2020-01-24T11:00:00Z,29,6
2020-01-24T12:00:00Z,30,5
2020-01-24T13:00:00Z,32,5
2020-01-24T14:00:00Z,31,5
2020-01-24T15:00:00Z,30,6
2020-01-24T16:00:00Z,29,9
2020-01-24T17:00:00Z,29,9
2020-01-24T18:00:00Z,31,8
2020-01-24T19:00:00Z,33,6
2020-01-24T20:00:00Z,32,5
2020-01-24T21:00:00Z,32,5
2020-01-24T22:00:00Z,32,5
2020-01-24T23:00:00Z,29,7
2020-01-25T00:00:00Z,29,6
2020-01-25T01:00:00Z,30,4
2020-01-25T02:00:00Z,30,3
2020-01-25T03:00:00Z,27,4
2020-01-25T04:00:00Z,25,5
2020-01-25T05:00:00Z,23,7
2020-01-25T06:00:00Z,24,6
2020-01-25T07:00:00Z,27,5
2020-01-25T08:00:00Z,30,5
2020-01-25T09:00:00Z,30,5
2020-01-25T10:00:00Z,29,5
2020-01-25T11:00:00Z,28,6
2020-01-25T12:00:00Z,28,6
2020-01-25T13:00:00Z,27,6
2020-01-25T14:00:00Z,26,6
2020-01-25T15:00:00Z,24,7
2020-01-25T16:00:00Z,20,11
2020-01-25T17:00:00Z,14,18
2020-01-25T18:00:00Z,12,18
2020-01-25T19:00:00Z,10,17
2020-01-25T20:00:00Z,9,16
2020-01-25T21:00:00Z,14,11
2020-01-25T22:00:00Z,14,11
2020-01-25T23:00:00Z,8,16
2020-01-26T00:00:00Z,7,17
2020-01-26T01:00:00Z,8,11
2020-01-26T02:00:00Z,7,11
2020-01-26T03:00:00Z,8,10
2020-01-26T04:00:00Z,7,10
2020-01-26T05:00:00Z,6,9
2020-01-26T06:00:00Z,5,11
2020-01-26T07:00:00Z,3,12
2020-01-26T08:00:00Z,4,11
2020-01-26T09:00:00Z,3,11
2020-01-26T10:00:00Z,6,10
2020-01-26T11:00:00Z,11,9
2020-01-26T12:00:00Z,15,8
2020-01-26T13:00:00Z,18,6
2020-01-26T14:00:00Z,19,6
2020-01-26T15:00:00Z,18,7
2020-01-26T16:00:00Z,14,9
2020-01-26T17:00:00Z,13,10
2020-01-26T18:00:00Z,13,10
2020-01-26T19:00:00Z,14,10
2020-01-26T20:00:00Z,12,14
2020-01-26T21:00:00Z,10,17
2020-01-26T22:00:00Z,15,12
2020-01-26T23:00:00Z,14,10
2020-01-27T00:00:00Z,17,5
2020-01-27T01:00:00Z,17,4
2020-01-27T02:00:00Z,15,6
2020-01-27T03:00:00Z,,
2020-01-27T04:00:00Z,14,5
2020-01-27T05:00:00Z,15,5
2020-01-27T06:00:00Z,13,10
2020-01-27T07:00:00Z,14,10
2020-01-27T08:00:00Z,14,12
2020-01-27T09:00:00Z,15,10
2020-01-27T10:00:00Z,20,7
2020-01-27T11:00:00Z,19,8
2020-01-27T12:00:00Z,20,7
2020-01-27T13:00:00Z,22,6
2020-01-27T14:00:00Z,24,5
2020-01-27T15:00:00Z,23,7
2020-01-27T16:00:00Z,26,6
2020-01-27T17:00:00Z,26,6
2020-01-27T18:00:00Z,26,7
2020-01-27T19:00:00Z,28,5
2020-01-27T20:00:00Z,29,4
2020-01-27T21:00:00Z,28,5
2020-01-27T22:00:00Z,29,5
2020-01-27T23:00:00Z,31,3
2020-01-28T00:00:00Z,31,4
2020-01-28T01:00:00Z,31,4
2020-01-28T02:00:00Z,31,4
2020-01-28T03:00:00Z,31,4
2020-01-28T04:00:00Z,27,7
2020-01-28T05:00:00Z,24,11
2020-01-28T06:00:00Z,26,11
2020-01-28T07:00:00Z,26,13
2020-01-28T08:00:00Z,31,10
2020-01-28T09:00:00Z,31,9
2020-01-28T10:00:00Z,30,8
2020-01-28T11:00:00Z,30,8
2020-01-28T12:00:00Z,30,7
2020-01-28T13:00:00Z,30,7
2020-01-28T14:00:00Z,30,7
2020-01-28T15:00:00Z,29,9
2020-01-28T16:00:00Z,29,9
2020-01-28T17:00:00Z,27,12
2020-01-28T18:00:00Z,28,10
2020-01-28T19:00:00Z,31,8
2020-01-28T20:00:00Z,33,7
2020-01-28T21:00:00Z,30,9
2020-01-28T22:00:00Z,32,7
2020-01-28T23:00:00Z,34,5
2020-01-29T00:00:00Z,32,5
2020-01-29T01:00:00Z,32,4
2020-01-29T02:00:00Z,34,3
2020-01-29T03:00:00Z,34,3
2020-01-29T04:00:00Z,36,2
2020-01-29T05:00:00Z,33,6
2020-01-29T06:00:00Z,31,7
2020-01-29T07:00:00Z,28,10
2020-01-29T08:00:00Z,27,11
2020-01-29T09:00:00Z,25,13
2020-01-29T10:00:00Z,27,9
2020-01-29T11:00:00Z,27,8
2020-01-29T12:00:00Z,28,7
2020-01-29T13:00:00Z,29,7
2020-01-29T14:00:00Z,30,8
2020-01-29T15:00:00Z,29,10
2020-01-29T16:00:00Z,26,13
2020-01-29T17:00:00Z,21,18
2020-01-29T18:00:00Z,21,18
2020-01-29T19:00:00Z,24,15
2020-01-29T20:00:00Z,22,17
2020-01-29T21:00:00Z,17,21
2020-01-29T22:00:00Z,2,39
2020-01-29T23:00:00Z,1,40
2020-01-30T00:00:00Z,1,41
2020-01-30T01:00:00Z,1,42
2020-01-30T02:00:00Z,2,39
2020-01-30T03:00:00Z,17,17
2020-01-30T04:00:00Z,17,15
2020-01-30T05:00:00Z,17,15
2020-01-30T06:00:00Z,14,18
2020-01-30T07:00:00Z,17,16
2020-01-30T08:00:00Z,15,18
2020-01-30T09:00:00Z,15,20
2020-01-30T10:00:00Z,15,19
2020-01-30T11:00:00Z,21,12
2020-01-30T12:00:00Z,30,4
2020-01-30T13:00:00Z,31,4
2020-01-30T14:00:00Z,33,3
2020-01-30T15:00:00Z,31,5
2020-01-30T16:00:00Z,31,5
2020-01-30T17:00:00Z,30,6
2020-01-30T18:00:00Z,31,5
2020-01-30T19:00:00Z,34,3
2020-01-30T20:00:00Z,33,4
2020-01-30T21:00:00Z,27,10
2020-01-30T22:00:00Z,24,11
2020-01-30T23:00:00Z,25,10
2020-01-31T00:00:00Z,24,10
2020-01-31T01:00:00Z,22,11
2020-01-31T02:00:00Z,22,11
2020-01-31T03:00:00Z,22,11
2020-01-31T04:00:00Z,23,10
2020-01-31T05:00:00Z,23,10
2020-01-31T06:00:00Z,18,15
2020-01-31T07:00:00Z,7,27
2020-01-31T08:00:00Z,7,27
2020-01-31T09:00:00Z,13,21
2020-01-31T10:00:00Z,28,8
2020-01-31T11:00:00Z,33,3
2020-01-31T12:00:00Z,34,2
2020-01-31T13:00:00Z,35,2
2020-01-31T14:00:00Z,35,1
2020-01-31T15:00:00Z,35,1
2020-01-31T16:00:00Z,33,3
2020-01-31T17:00:00Z,29,7
2020-01-31T18:00:00Z,26,10
2020-01-31T19:00:00Z,25,11
2020-01-31T20:00:00Z,29,7
2020-01-31T21:00:00Z,18,18
2020-01-31T22:00:00Z,8,26
2020-01-31T23:00:00Z,3,31
2020-02-01T00:00:00Z,3,31
2020-02-01T01:00:00Z,2,33
2020-02-01T02:00:00Z,1,32
2020-02-01T03:00:00Z,,
2020-02-01T04:00:00Z,1,36
2020-02-01T05:00:00Z,1,36
2020-02-01T06:00:00Z,1,37
2020-02-01T07:00:00Z,1,37
2020-02-01T08:00:00Z,4,34
2020-02-01T09:00:00Z,10,26
2020-02-01T10:00:00Z,11,23
2020-02-01T11:00:00Z,15,18
2020-02-01T12:00:00Z,17,17
2020-02-01T13:00:00Z,22,12
2020-02-01T14:00:00Z,26,8
2020-02-01T15:00:00Z,29,7
2020-02-01T16:00:00Z,28,7
2020-02-01T17:00:00Z,26,9
2020-02-01T18:00:00Z,25,9
2020-02-01T19:00:00Z,26,9
2020-02-01T20:00:00Z,28,7
2020-02-01T21:00:00Z,26,8
2020-02-01T22:00:00Z,26,8
2020-02-01T23:00:00Z,23,10
2020-02-02T00:00:00Z,19,12
2020-02-02T01:00:00Z,17,13
2020-02-02T02:00:00Z,17,12
2020-02-02T03:00:00Z,11,17
2020-02-02T04:00:00Z,9,18
2020-02-02T05:00:00Z,7,22
2020-02-02T06:00:00Z,10,20
2020-02-02T07:00:00Z,19,14
2020-02-02T08:00:00Z,17,16
2020-02-02T09:00:00Z,18,12
2020-02-02T10:00:00Z,17,11
2020-02-02T11:00:00Z,19,7
2020-02-02T12:00:00Z,19,7
2020-02-02T13:00:00Z,21,6
2020-02-02T14:00:00Z,21,6
2020-02-02T15:00:00Z,23,5
2020-02-02T16:00:00Z,19,8
2020-02-02T17:00:00Z,14,13
2020-02-02T18:00:00Z,8,19
2020-02-02T19:00:00Z,2,26
2020-02-02T20:00:00Z,1,27
2020-02-02T21:00:00Z,1,27
2020-02-02T22:00:00Z,1,24
2020-02-02T23:00:00Z,1,26
2020-02-03T00:00:00Z,1,25
2020-02-03T01:00:00Z,6,22
2020-02-03T02:00:00Z,20,11
2020-02-03T03:00:00Z,,
2020-02-03T04:00:00Z,27,7
2020-02-03T05:00:00Z,28,8
2020-02-03T06:00:00Z,24,13
2020-02-03T07:00:00Z,19,19
2020-02-03T08:00:00Z,21,18
2020-02-03T09:00:00Z,24,14
2020-02-03T10:00:00Z,30,8
2020-02-03T11:00:00Z,31,6
2020-02-03T12:00:00Z,30,7
2020-02-03T13:00:00Z,32,5
2020-02-03T14:00:00Z,31,7
2020-02-03T15:00:00Z,30,9
2020-02-03T16:00:00Z,27,12
2020-02-03T17:00:00Z,18,21
2020-02-03T18:00:00Z,6,34
2020-02-03T19:00:00Z,13,25
2020-02-03T20:00:00Z,15,23
2020-02-03T21:00:00Z,18,19
2020-02-03T22:00:00Z,25,11
2020-02-03T23:00:00Z,24,12
2020-02-04T00:00:00Z,20,16
2020-02-04T01:00:00Z,27,9
2020-02-04T02:00:00Z,27,8
2020-02-04T03:00:00Z,22,16
2020-02-04T04:00:00Z,25,11
2020-02-04T05:00:00Z,26,9
2020-02-04T06:00:00Z,24,11
2020-02-04T07:00:00Z,22,13
2020-02-04T08:00:00Z,22,12
2020-02-04T09:00:00Z,23,12
2020-02-04T10:00:00Z,24,11
2020-02-04T11:00:00Z,25,12
2020-02-04T12:00:00Z,27,8
2020-02-04T13:00:00Z,29,8
2020-02-04T14:00:00Z,30,7
2020-02-04T15:00:00Z,28,9
2020-02-04T16:00:00Z,29,8
2020-02-04T17:00:00Z,28,8
2020-02-04T18:00:00Z,27,8
2020-02-04T19:00:00Z,26,8
2020-02-04T20:00:00Z,28,6
2020-02-04T21:00:00Z,32,3
2020-02-04T22:00:00Z,32,3
2020-02-04T23:00:00Z,33,1
2020-02-05T00:00:00Z,34,1
2020-02-05T01:00:00Z,35,1
2020-02-05T02:00:00Z,36,0
2020-02-05T03:00:00Z,35,1
2020-02-05T04:00:00Z,35,1
2020-02-05T05:00:00Z,31,3
2020-02-05T06:00:00Z,27,6
2020-02-05T07:00:00Z,21,12
2020-02-05T08:00:00Z,21,12
2020-02-05T09:00:00Z,23,9
2020-02-05T10:00:00Z,24,7
2020-02-05T11:00:00Z,27,5
2020-02-05T12:00:00Z,29,5
2020-02-05T13:00:00Z,28,6
2020-02-05T14:00:00Z,30,6
2020-02-05T15:00:00Z,31,6
2020-02-05T16:00:00Z,30,5
2020-02-05T17:00:00Z,30,5
2020-02-05T18:00:00Z,28,7
2020-02-05T19:00:00Z,28,8
2020-02-05T20:00:00Z,24,11
2020-02-05T21:00:00Z,24,12
2020-02-05T22:00:00Z,23,12
2020-02-05T23:00:00Z,21,12
2020-02-06T00:00:00Z,22,10
2020-02-06T01:00:00Z,26,7
2020-02-06T02:00:00Z,29,4
2020-02-06T03:00:00Z,29,3
2020-02-06T04:00:00Z,28,4
2020-02-06T05:00:00Z,27,4
2020-02-06T06:00:00Z,24,8
2020-02-06T07:00:00Z,24,10
2020-02-06T08:00:00Z,25,9
2020-02-06T09:00:00Z,25,10
2020-02-06T10:00:00Z,25,10
2020-02-06T11:00:00Z,25,11
2020-02-06T12:00:00Z,26,9
2020-02-06T13:00:00Z,29,7
2020-02-06T14:00:00Z,30,5
2020-02-06T15:00:00Z,30,5
2020-02-06T16:00:00Z,28,7
2020-02-06T17:00:00Z,30,6
2020-02-06T18:00:00Z,31,6
2020-02-06T19:00:00Z,31,5
2020-02-06T20:00:00Z,25,12
2020-02-06T21:00:00Z,26,10
2020-02-06T22:00:00Z,28,9
2020-02-06T23:00:00Z,27,9
2020-02-07T00:00:00Z,26,10
2020-02-07T01:00:00Z,22,13
2020-02-07T02:00:00Z,24,12
2020-02-07T03:00:00Z,25,12
2020-02-07T04:00:00Z,27,10
2020-02-07T05:00:00Z,26,11
2020-02-07T06:00:00Z,26,12
2020-02-07T07:00:00Z,25,13
2020-02-07T08:00:00Z,23,14
2020-02-07T09:00:00Z,26,9
2020-02-07T10:00:00Z,26,9
2020-02-07T11:00:00Z,27,7
2020-02-07T12:00:00Z,28,7
2020-02-07T13:00:00Z,30,6
2020-02-07T14:00:00Z,30,6
2020-02-07T15:00:00Z,30,6
2020-02-07T16:00:00Z,30,6
2020-02-07T17:00:00Z,31,7
2020-02-07T18:00:00Z,32,7
2020-02-07T19:00:00Z,31,7
2020-02-07T20:00:00Z,30,9
2020-02-07T21:00:00Z,30,8
2020-02-07T22:00:00Z,29,9
2020-02-07T23:00:00Z,28,9
2020-02-08T00:00:00Z,28,9
2020-02-08T01:00:00Z,26,10
2020-02-08T02:00:00Z,20,17
2020-02-08T03:00:00Z,24,13
2020-02-08T04:00:00Z,28,7
2020-02-08T05:00:00Z,24,12
2020-02-08T06:00:00Z,27,10
2020-02-08T07:00:00Z,28,10
2020-02-08T08:00:00Z,29,8
2020-02-08T09:00:00Z,27,9
2020-02-08T10:00:00Z,28,9
2020-02-08T11:00:00Z,27,8
2020-02-08T12:00:00Z,29,6
2020-02-08T13:00:00Z,32,4
2020-02-08T14:00:00Z,32,5
2020-02-08T15:00:00Z,31,6
2020-02-08T16:00:00Z,32,6
2020-02-08T17:00:00Z,32,5
2020-02-08T18:00:00Z,25,13
2020-02-08T19:00:00Z,18,20
2020-02-08T20:00:00Z,8,32
2020-02-08T21:00:00Z,8,33
2020-02-08T22:00:00Z,7,33
2020-02-08T23:00:00Z,5,36
2020-02-09T00:00:00Z,9,31
2020-02-09T01:00:00Z,8,32
2020-02-09T02:00:00Z,4,38
2020-02-09T03:00:00Z,15,24
2020-02-09T04:00:00Z,24,13
2020-02-09T05:00:00Z,25,12
2020-02-09T06:00:00Z,21,16
2020-02-09T07:00:00Z,18,18
2020-02-09T08:00:00Z,16,20
2020-02-09T09:00:00Z,19,18
2020-02-09T10:00:00Z,35,2
2020-02-09T11:00:00Z,36,2
2020-02-09T12:00:00Z,35,2
2020-02-09T13:00:00Z,34,3
2020-02-09T14:00:00Z,30,6
2020-02-09T15:00:00Z,26,10
2020-02-09T16:00:00Z,24,11
2020-02-09T17:00:00Z,23,12
2020-02-09T18:00:00Z,25,9
2020-02-09T19:00:00Z,29,4
2020-02-09T20:00:00Z,28,5
2020-02-09T21:00:00Z,30,4
2020-02-09T22:00:00Z,28,5
2020-02-09T23:00:00Z,31,4
2020-02-10T00:00:00Z,30,4
2020-02-10T01:00:00Z,28,6
2020-02-10T02:00:00Z,27,8
2020-02-10T03:00:00Z,,
2020-02-10T04:00:00Z,20,15
2020-02-10T05:00:00Z,18,17
2020-02-10T06:00:00Z,5,32
2020-02-10T07:00:00Z,2,36
2020-02-10T08:00:00Z,3,31
2020-02-10T09:00:00Z,8,25
2020-02-10T10:00:00Z,16,17
2020-02-10T11:00:00Z,23,9
2020-02-10T12:00:00Z,24,9
2020-02-10T13:00:00Z,26,8
2020-02-10T14:00:00Z,28,9
2020-02-10T15:00:00Z,28,9
2020-02-10T16:00:00Z,27,9
2020-02-10T17:00:00Z,25,13
2020-02-10T18:00:00Z,26,12
2020-02-10T19:00:00Z,25,13
2020-02-10T20:00:00Z,28,9
2020-02-10T21:00:00Z,26,10
2020-02-10T22:00:00Z,24,13
2020-02-10T23:00:00Z,16,22
2020-02-11T00:00:00Z,25,12
2020-02-11T01:00:00Z,28,8
2020-02-11T02:00:00Z,26,9
2020-02-11T03:00:00Z,23,11
2020-02-11T04:00:00Z,12,24
2020-02-11T05:00:00Z,12,24
2020-02-11T06:00:00Z,3,34
2020-02-11T07:00:00Z,4,34
2020-02-11T08:00:00Z,21,19
2020-02-11T09:00:00Z,26,13
2020-02-11T10:00:00Z,27,11
2020-02-11T11:00:00Z,28,11
2020-02-11T12:00:00Z,29,9
2020-02-11T13:00:00Z,31,9
2020-02-11T14:00:00Z,31,11
2020-02-11T15:00:00Z,32,10
2020-02-11T16:00:00Z,35,9
2020-02-11T17:00:00Z,34,9
2020-02-11T18:00:00Z,33,8
2020-02-11T19:00:00Z,33,7
2020-02-11T20:00:00Z,34,7
2020-02-11T21:00:00Z,33,7
2020-02-11T22:00:00Z,35,5
2020-02-11T23:00:00Z,36,4
2020-02-12T00:00:00Z,34,6
2020-02-12T01:00:00Z,30,9
2020-02-12T02:00:00Z,30,9
2020-02-12T03:00:00Z,33,6
2020-02-12T04:00:00Z,32,7
2020-02-12T05:00:00Z,34,5
2020-02-12T06:00:00Z,31,9
2020-02-12T07:00:00Z,28,12
2020-02-12T08:00:00Z,25,14
2020-02-12T09:00:00Z,26,13
2020-02-12T10:00:00Z,27,11
2020-02-12T11:00:00Z,28,10
2020-02-12T12:00:00Z,30,9
2020-02-12T13:00:00Z,30,10
2020-02-12T14:00:00Z,31,9
2020-02-12T15:00:00Z,35,7
2020-02-12T16:00:00Z,34,7
2020-02-12T17:00:00Z,32,9
2020-02-12T18:00:00Z,29,10
2020-02-12T19:00:00Z,27,12
2020-02-12T20:00:00Z,23,16
2020-02-12T21:00:00Z,22,16
2020-02-12T22:00:00Z,20,16
2020-02-12T23:00:00Z,18,17
2020-02-13T00:00:00Z,19,15
2020-02-13T01:00:00Z,25,9
2020-02-13T02:00:00Z,26,10
2020-02-13T03:00:00Z,22,13
2020-02-13T04:00:00Z,23,12
2020-02-13T05:00:00Z,19,17
2020-02-13T06:00:00Z,11,25
2020-02-13T07:00:00Z,6,30
2020-02-13T08:00:00Z,11,24
2020-02-13T09:00:00Z,14,22
2020-02-13T10:00:00Z,19,16
2020-02-13T11:00:00Z,22,13
2020-02-13T12:00:00Z,24,11
2020-02-13T13:00:00Z,26,9
2020-02-13T14:00:00Z,26,8
2020-02-13T15:00:00Z,25,8
2020-02-13T16:00:00Z,26,7
2020-02-13T17:00:00Z,27,6
2020-02-13T18:00:00Z,26,6
2020-02-13T19:00:00Z,26,5
2020-02-13T20:00:00Z,26,6
2020-02-13T21:00:00Z,27,4
2020-02-13T22:00:00Z,26,4
2020-02-13T23:00:00Z,27,3
2020-02-14T00:00:00Z,27,3
2020-02-14T01:00:00Z,25,5
2020-02-14T02:00:00Z,26,4
2020-02-14T03:00:00Z,25,5
2020-02-14T04:00:00Z,24,6
2020-02-14T05:00:00Z,21,11
2020-02-14T06:00:00Z,18,14
2020-02-14T07:00:00Z,13,20
2020-02-14T08:00:00Z,13,21
2020-02-14T09:00:00Z,18,16
2020-02-14T10:00:00Z,23,9
2020-02-14T11:00:00Z,24,8
2020-02-14T12:00:00Z,24,8
2020-02-14T13:00:00Z,24,10
2020-02-14T14:00:00Z,21,14
2020-02-14T15:00:00Z,19,18
2020-02-14T16:00:00Z,17,19
2020-02-14T17:00:00Z,19,18
2020-02-14T18:00:00Z,18,18
2020-02-14T19:00:00Z,14,23
2020-02-14T20:00:00Z,23,15
2020-02-14T21:00:00Z,17,20
2020-02-14T22:00:00Z,19,18
2020-02-14T23:00:00Z,24,13
2020-02-15T00:00:00Z,29,8
2020-02-15T01:00:00Z,27,11
2020-02-15T02:00:00Z,26,12
2020-02-15T03:00:00Z,26,11
2020-02-15T04:00:00Z,25,13
2020-02-15T05:00:00Z,27,10
2020-02-15T06:00:00Z,26,11
2020-02-15T07:00:00Z,28,9
2020-02-15T08:00:00Z,26,10
2020-02-15T09:00:00Z,29,7
2020-02-15T10:00:00Z,31,4
2020-02-15T11:00:00Z,32,4
2020-02-15T12:00:00Z,33,3
2020-02-15T13:00:00Z,33,3
2020-02-15T14:00:00Z,34,3
2020-02-15T15:00:00Z,32,5
2020-02-15T16:00:00Z,31,6
2020-02-15T17:00:00Z,30,8
2020-02-15T18:00:00Z,30,7
2020-02-15T19:00:00Z,30,7
2020-02-15T20:00:00Z,30,7
2020-02-15T21:00:00Z,32,6
2020-02-15T22:00:00Z,31,6
2020-02-15T23:00:00Z,30,6
2020-02-16T00:00:00Z,30,6
2020-02-16T01:00:00Z,29,6
2020-02-16T02:00:00Z,28,6
2020-02-16T03:00:00Z,30,5
2020-02-16T04:00:00Z,29,5
2020-02-16T05:00:00Z,28,7
2020-02-16T06:00:00Z,27,7
2020-02-16T07:00:00Z,26,8
2020-02-16T08:00:00Z,26,9
2020-02-16T09:00:00Z,28,8
2020-02-16T10:00:00Z,29,5
2020-02-16T11:00:00Z,31,4
2020-02-16T12:00:00Z,33,3
2020-02-16T13:00:00Z,34,4
2020-02-16T14:00:00Z,36,4
2020-02-16T15:00:00Z,37,4
2020-02-16T16:00:00Z,37,5
2020-02-16T17:00:00Z,37,5
2020-02-16T18:00:00Z,33,10
2020-02-16T19:00:00Z,32,11
2020-02-16T20:00:00Z,33,11
2020-02-16T21:00:00Z,26,18
2020-02-16T22:00:00Z,18,21
2020-02-16T23:00:00Z,25,13
2020-02-17T00:00:00Z,28,10
2020-02-17T01:00:00Z,30,7
2020-02-17T02:00:00Z,31,6
2020-02-17T03:00:00Z,,
2020-02-17T04:00:00Z,21,17
2020-02-17T05:00:00Z,16,22
2020-02-17T06:00:00Z,6,33
2020-02-17T07:00:00Z,2,38
2020-02-17T08:00:00Z,22,17
2020-02-17T09:00:00Z,33,4
2020-02-17T10:00:00Z,34,2
2020-02-17T11:00:00Z,34,2
2020-02-17T12:00:00Z,34,3
2020-02-17T13:00:00Z,35,2
2020-02-17T14:00:00Z,36,2
2020-02-17T15:00:00Z,37,1
2020-02-17T16:00:00Z,37,1
2020-02-17T17:00:00Z,38,2
2020-02-17T18:00:00Z,38,1
2020-02-17T19:00:00Z,37,1
2020-02-17T20:00:00Z,37,1
2020-02-17T21:00:00Z,37,1
2020-02-17T22:00:00Z,37,1
2020-02-17T23:00:00Z,38,1
2020-02-18T00:00:00Z,38,1
2020-02-18T01:00:00Z,39,0
2020-02-18T02:00:00Z,38,0
2020-02-18T03:00:00Z,38,1
2020-02-18T04:00:00Z,36,1
2020-02-18T05:00:00Z,34,2
2020-02-18T06:00:00Z,33,3
2020-02-18T07:00:00Z,32,4
2020-02-18T08:00:00Z,30,5
2020-02-18T09:00:00Z,28,7
2020-02-18T10:00:00Z,26,9
2020-02-18T11:00:00Z,23,10
2020-02-18T12:00:00Z,22,9
2020-02-18T13:00:00Z,23,9
2020-02-18T14:00:00Z,23,10
2020-02-18T15:00:00Z,25,9
2020-02-18T16:00:00Z,27,10
2020-02-18T17:00:00Z,30,9
2020-02-18T18:00:00Z,33,7
2020-02-18T19:00:00Z,33,6
2020-02-18T20:00:00Z,34,5
2020-02-18T21:00:00Z,34,5
2020-02-18T22:00:00Z,33,6
2020-02-18T23:00:00Z,35,3
2020-02-19T00:00:00Z,35,3
2020-02-19T01:00:00Z,36,2
2020-02-19T02:00:00Z,36,2
2020-02-19T03:00:00Z,37,2
2020-02-19T04:00:00Z,36,3
2020-02-19T05:00:00Z,34,6
2020-02-19T06:00:00Z,34,6
2020-02-19T07:00:00Z,31,9
2020-02-19T08:00:00Z,30,8
2020-02-19T09:00:00Z,31,5
2020-02-19T10:00:00Z,31,5
2020-02-19T11:00:00Z,31,5
2020-02-19T12:00:00Z,31,5
2020-02-19T13:00:00Z,32,4
2020-02-19T14:00:00Z,34,2
2020-02-19T15:00:00Z,32,6
2020-02-19T16:00:00Z,34,4
2020-02-19T17:00:00Z,33,5
2020-02-19T18:00:00Z,33,5
2020-02-19T19:00:00Z,34,5
2020-02-19T20:00:00Z,33,5
2020-02-19T21:00:00Z,33,6
2020-02-19T22:00:00Z,32,7
2020-02-19T23:00:00Z,31,9
2020-02-20T00:00:00Z,33,8
2020-02-20T01:00:00Z,34,7
2020-02-20T02:00:00Z,33,8
2020-02-20T03:00:00Z,34,7
2020-02-20T04:00:00Z,31,9
2020-02-20T05:00:00Z,28,11
2020-02-20T06:00:00Z,22,18
2020-02-20T07:00:00Z,15,24
2020-02-20T08:00:00Z,22,16
2020-02-20T09:00:00Z,27,10
2020-02-20T10:00:00Z,30,6
2020-02-20T11:00:00Z,31,5
2020-02-20T12:00:00Z,31,5
2020-02-20T13:00:00Z,31,6
2020-02-20T14:00:00Z,32,5
2020-02-20T15:00:00Z,32,5
2020-02-20T16:00:00Z,32,5
2020-02-20T17:00:00Z,29,9
2020-02-20T18:00:00Z,26,12
2020-02-20T19:00:00Z,24,13
2020-02-20T20:00:00Z,19,18
2020-02-20T21:00:00Z,26,14
2020-02-20T22:00:00Z,26,14
2020-02-20T23:00:00Z,23,17
2020-02-21T00:00:00Z,18,23
2020-02-21T01:00:00Z,18,21
2020-02-21T02:00:00Z,16,22
2020-02-21T03:00:00Z,22,16
2020-02-21T04:00:00Z,25,14
2020-02-21T05:00:00Z,21,17
2020-02-21T06:00:00Z,19,20
2020-02-21T07:00:00Z,17,22
2020-02-21T08:00:00Z,20,19
2020-02-21T09:00:00Z,23,15
2020-02-21T10:00:00Z,29,10
2020-02-21T11:00:00Z,31,8
2020-02-21T12:00:00Z,33,7
2020-02-21T13:00:00Z,34,7
2020-02-21T14:00:00Z,34,8
2020-02-21T15:00:00Z,35,7
2020-02-21T16:00:00Z,35,7
2020-02-21T17:00:00Z,31,9
2020-02-21T18:00:00Z,29,11
2020-02-21T19:00:00Z,29,9
2020-02-21T20:00:00Z,26,10
2020-02-21T21:00:00Z,27,10
2020-02-21T22:00:00Z,28,9
2020-02-21T23:00:00Z,29,8
2020-02-22T00:00:00Z,27,9
2020-02-22T01:00:00Z,27,8
2020-02-22T02:00:00Z,26,9
2020-02-22T03:00:00Z,26,9
2020-02-22T04:00:00Z,25,9
2020-02-22T05:00:00Z,24,11
2020-02-22T06:00:00Z,21,13
2020-02-22T07:00:00Z,22,12
2020-02-22T08:00:00Z,23,10
2020-02-22T09:00:00Z,25,8
2020-02-22T10:00:00Z,27,7
2020-02-22T11:00:00Z,28,6
2020-02-22T12:00:00Z,30,5
2020-02-22T13:00:00Z,33,5
2020-02-22T14:00:00Z,36,4
2020-02-22T15:00:00Z,35,6
2020-02-22T16:00:00Z,34,6
2020-02-22T17:00:00Z,31,8
2020-02-22T18:00:00Z,27,10
2020-02-22T19:00:00Z,26,10
2020-02-22T20:00:00Z,24,11
2020-02-22T21:00:00Z,21,14
2020-02-22T22:00:00Z,18,17
2020-02-22T23:00:00Z,16,21
2020-02-23T00:00:00Z,10,27
2020-02-23T01:00:00Z,11,28
2020-02-23T02:00:00Z,15,24
2020-02-23T03:00:00Z,19,19
2020-02-23T04:00:00Z,22,15
2020-02-23T05:00:00Z,25,12
2020-02-23T06:00:00Z,23,15
2020-02-23T07:00:00Z,17,21
2020-02-23T08:00:00Z,22,13
2020-02-23T09:00:00Z,23,9
2020-02-23T10:00:00Z,23,10
2020-02-23T11:00:00Z,23,10
2020-02-23T12:00:00Z,29,7
2020-02-23T13:00:00Z,34,5
2020-02-23T14:00:00Z,37,5
2020-02-23T15:00:00Z,41,4
2020-02-23T16:00:00Z,41,4
2020-02-23T17:00:00Z,40,8
2020-02-23T18:00:00Z,30,18
2020-02-23T19:00:00Z,32,16
2020-02-23T20:00:00Z,35,11
2020-02-23T21:00:00Z,31,13
2020-02-23T22:00:00Z,29,13
2020-02-23T23:00:00Z,34,7
2020-02-24T00:00:00Z,33,7
2020-02-24T01:00:00Z,32,7
2020-02-24T02:00:00Z,32,6
2020-02-24T03:00:00Z,,
2020-02-24T04:00:00Z,24,12
2020-02-24T05:00:00Z,17,18
2020-02-24T06:00:00Z,7,30
2020-02-24T07:00:00Z,5,32
2020-02-24T08:00:00Z,9,26
2020-02-24T09:00:00Z,15,19
2020-02-24T10:00:00Z,18,19
2020-02-24T11:00:00Z,26,15
2020-02-24T12:00:00Z,33,12
2020-02-24T13:00:00Z,36,12
2020-02-24T14:00:00Z,41,10
2020-02-24T15:00:00Z,40,11
2020-02-24T16:00:00Z,41,11
2020-02-24T17:00:00Z,18,26
2020-02-24T18:00:00Z,6,38
2020-02-24T19:00:00Z,24,24
2020-02-24T20:00:00Z,29,20
2020-02-24T21:00:00Z,27,22
2020-02-24T22:00:00Z,31,17
2020-02-24T23:00:00Z,32,13
2020-02-25T00:00:00Z,32,11
2020-02-25T01:00:00Z,35,9
2020-02-25T02:00:00Z,33,11
2020-02-25T03:00:00Z,33,10
2020-02-25T04:00:00Z,29,12
2020-02-25T05:00:00Z,21,20
2020-02-25T06:00:00Z,32,10
2020-02-25T07:00:00Z,27,14
2020-02-25T08:00:00Z,21,19
2020-02-25T09:00:00Z,27,13
2020-02-25T10:00:00Z,30,10
2020-02-25T11:00:00Z,28,12
2020-02-25T12:00:00Z,31,10
2020-02-25T13:00:00Z,34,8
2020-02-25T14:00:00Z,37,7
2020-02-25T15:00:00Z,38,7
2020-02-25T16:00:00Z,36,8
2020-02-25T17:00:00Z,31,14
2020-02-25T18:00:00Z,27,17
2020-02-25T19:00:00Z,25,18
2020-02-25T20:00:00Z,24,17
2020-02-25T21:00:00Z,20,20
2020-02-25T22:00:00Z,23,16
2020-02-25T23:00:00Z,33,6
2020-02-26T00:00:00Z,35,5
2020-02-26T01:00:00Z,37,3
2020-02-26T02:00:00Z,37,2
2020-02-26T03:00:00Z,36,2
2020-02-26T04:00:00Z,36,3
2020-02-26T05:00:00Z,35,3
2020-02-26T06:00:00Z,31,7
2020-02-26T07:00:00Z,30,8
2020-02-26T08:00:00Z,28,11
2020-02-26T09:00:00Z,30,8
2020-02-26T10:00:00Z,29,8
2020-02-26T11:00:00Z,29,9
2020-02-26T12:00:00Z,32,7
2020-02-26T13:00:00Z,32,7
2020-02-26T14:00:00Z,32,7
2020-02-26T15:00:00Z,29,9
2020-02-26T16:00:00Z,26,12
2020-02-26T17:00:00Z,26,11
2020-02-26T18:00:00Z,26,11
2020-02-26T19:00:00Z,25,13
2020-02-26T20:00:00Z,24,14
2020-02-26T21:00:00Z,27,10
2020-02-26T22:00:00Z,29,7
2020-02-26T23:00:00Z,30,6
2020-02-27T00:00:00Z,31,5
2020-02-27T01:00:00Z,31,4
2020-02-27T02:00:00Z,31,4
2020-02-27T03:00:00Z,32,4
2020-02-27T04:00:00Z,32,4
2020-02-27T05:00:00Z,30,7
2020-02-27T06:00:00Z,29,6
2020-02-27T07:00:00Z,28,8
2020-02-27T08:00:00Z,28,8
2020-02-27T09:00:00Z,33,4
2020-02-27T10:00:00Z,35,3
2020-02-27T11:00:00Z,35,2
2020-02-27T12:00:00Z,36,2
2020-02-27T13:00:00Z,37,2
2020-02-27T14:00:00Z,37,2
2020-02-27T15:00:00Z,37,4
2020-02-27T16:00:00Z,36,4
2020-02-27T17:00:00Z,36,4
2020-02-27T18:00:00Z,36,4
2020-02-27T19:00:00Z,36,5
2020-02-27T20:00:00Z,35,5
2020-02-27T21:00:00Z,36,6
2020-02-27T22:00:00Z,38,4
2020-02-27T23:00:00Z,37,5
2020-02-28T00:00:00Z,37,4
2020-02-28T01:00:00Z,36,4
2020-02-28T02:00:00Z,35,4
2020-02-28T03:00:00Z,35,4
2020-02-28T04:00:00Z,35,5
2020-02-28T05:00:00Z,35,5
2020-02-28T06:00:00Z,34,7
2020-02-28T07:00:00Z,33,9
2020-02-28T08:00:00Z,34,6
2020-02-28T09:00:00Z,35,5
2020-02-28T10:00:00Z,36,5
2020-02-28T11:00:00Z,36,5
2020-02-28T12:00:00Z,37,4
2020-02-28T13:00:00Z,36,4
2020-02-28T14:00:00Z,35,6
2020-02-28T15:00:00Z,36,5
2020-02-28T16:00:00Z,36,5
2020-02-28T17:00:00Z,36,5
2020-02-28T18:00:00Z,33,7
2020-02-28T19:00:00Z,25,12
2020-02-28T20:00:00Z,24,13
2020-02-28T21:00:00Z,24,13
2020-02-28T22:00:00Z,29,8
2020-02-28T23:00:00Z,29,7
2020-02-29T00:00:00Z,29,5
2020-02-29T01:00:00Z,29,4
2020-02-29T02:00:00Z,27,6
2020-02-29T03:00:00Z,25,8
2020-02-29T04:00:00Z,25,8
2020-02-29T05:00:00Z,21,11
2020-02-29T06:00:00Z,18,15
2020-02-29T07:00:00Z,21,12
2020-02-29T08:00:00Z,24,8
2020-02-29T09:00:00Z,24,7
2020-02-29T10:00:00Z,26,5
2020-02-29T11:00:00Z,27,4
2020-02-29T12:00:00Z,29,4
2020-02-29T13:00:00Z,31,3
2020-02-29T14:00:00Z,33,3
2020-02-29T15:00:00Z,33,4
2020-02-29T16:00:00Z,33,5
2020-02-29T17:00:00Z,30,10
2020-02-29T18:00:00Z,21,20
2020-02-29T19:00:00Z,15,25
2020-02-29T20:00:00Z,8,33
2020-02-29T21:00:00Z,8,35
2020-02-29T22:00:00Z,10,33
2020-02-29T23:00:00Z,2,41
